ТМ,Назва виробника,Назва на сайті,Арт. зовн.,Арт. внутр.,Кількість,Категорія,Пакування,Наявність на сайті,Мова,Нотатки,Склад
Eco Goods,Авто погрузчик,,ЛАН-30,1987 1993,2,Механічні моделі,,є,,,Дніпро
Smart Games,IQ twist,,SG 488,,1,Настільні ігри,,є,,,Дніпро
Smart Games,Розумний синик,,SGT 250,,1,Магнітні ігри,,є,,,Дніпро
Smart Games,Підводний світ,,SGT 220,,1,Магнітні ігри,,є,,,Дніпро
Smart Games,Кря Дедукція,,,5780,1,Магнітні ігри,,,,,Дніпро
Tactic,Alias,,,5732,1,Настільні ігри,,,,,Дніпро
Bombat,Dino Sport,,ОО21,,1,Настільні ігри,,є,,,Дніпро
Tactic,Мій перший потяг,,54543,6168,1,Настільні ігри,,нема,,,Дніпро
Bombat,Dino Land,,,,1,,,,,,Дніпро
ЯкТак,ЯкТак червоний,,,,1,Головоломки,,,,,Дніпро
ЯкТак,ЯкТак синій,,,,2,Головоломки,,,,,Дніпро
Bombat,Одягни ляльку Евеліна,,ОО10,4390,1,,,є,,,Дніпро
UkrGears,Причеп до трактора,,,3547,1,,,,,,Дніпро
Granna,Жабки,Настольная игра “Лягушки”,82838,6167,0,Настільні ігри,,є,,,Дніпро
Granna,Супер Фермер,Настольная игра “Суперфермер”,,80865,1,Настільні ігри,,є,,,Дніпро
Bombat,Одягни ляльку Аделіна,,ОО11,,1,,,є,,,Дніпро
Granna,Супер Ферма міні-версія,,,5123,1,,,нема,,,Дніпро
Granna,Мафіни,,,,1,,,нема,,,Дніпро
МДИ,Страус,,Е040,,3,Сборні деревʼяні моделі,,перевірити,рос.,Російська мова,Дніпро
МДИ,Горбатий кит,,Ш001,,1,Сборні деревʼяні моделі,,перевірити,рос.,Російська мова,Дніпро
Ухтишка,Лондонський міст,,951092,5625,1,3Д-пазли,,,,,Дніпро
Ухтишка,Біг Бен,,951094,5624,1,3Д-пазли,,,,,Дніпро
МДИ,Снегоуплотнительная машина,,П064,1989,1,Сборні деревʼяні моделі,,перевірити,рос.,Російська мова,Дніпро
МДИ,Белка,,М037,282,1,Сборні деревʼяні моделі,,перевірити,рос.,Російська мова,Дніпро
МДИ,Саранча,,Е027,1882,1,Сборні деревʼяні моделі,,перевірити,рос.,Російська мова,Дніпро
МДИ,Цикада,,Е016,1312,4,Сборні деревʼяні моделі,,перевірити,рос.,Російська мова,Дніпро
МДИ,Червона шапочка,,Р10 4,,1,Рамки-вкладиші,,перевірити,рос (?),Російська мова (?),Дніпро
МДИ,Веселая арифметика,,Р123,,1,Рамки-вкладиші,,,,,Дніпро
МДИ,Корабль,,Р122,,1,Рамки-вкладиші,,,,,Дніпро
МДИ,Цифри-знаки,,Р28,,1,Рамки-вкладиші,,,,,Дніпро
МДИ,Черепаха,,Р090,,1,Рамки-вкладиші,,,,,Дніпро
МДИ,Троє поросят,,Р038,,1,Рамки-вкладиші,,,,,Дніпро
МДИ,Савана,,Р125,,1,Рамки-вкладиші,,,,,Дніпро
МДИ,Лабіринт теремок,,Р138,,1,Рамки-вкладиші,,,,,Дніпро
МДИ,Транспорт,,Р142,,1,Рамки-вкладиші,,,,,Дніпро
МДИ,Мій день,,Р20,,1,Рамки-вкладиші,,,,,Дніпро
МДИ,Будиночок фермера,,Д432,,1,уктори,,,,,Дніпро
МДИ,Автострада,,Д284,,1,,,,,,Дніпро
МДИ,Доміно транспорт,,Д393,,2,визначити,,перевірити,рос.,російська,Дніпро
Lucy & Leo,Игра “Пчелки”,Игра “Пчелки”,LL173,,2,,,є,,,Дніпро
Lucy & Leo,уктор “Кубики”,уктор “Кубики”,LL166,,2,,,є,,,Дніпро
Lucy & Leo,Развивающая игрушка “Шнуровка бусы Сафари”,Развивающая игрушка “Шнуровка бусы Сафари”,LL135,,2,Шнуровки,,є,,,Дніпро
Lucy & Leo,Развивающая игрушка “Шнуровка бусы Ферма”,Развивающая игрушка “Шнуровка бусы Ферма”,LL136,,2,Шнуровки,,є,,,Дніпро
Lucy & Leo,уктор “Городок”,уктор “Городок”,LL174,,2,уктори,,є,,,Дніпро
МДИ,Поліцейська машина,,Д059,,1,уктори,,перевірити,рос.,російська,Дніпро
МДИ,Самосвал,,Д428,,1,,,,,,Дніпро
МДИ,Пожарная машина,,Д430,,1,,,,,,Дніпро
МДИ,Самолет,,Д062,,2,,,,,,Дніпро
МДИ,Пирамидка круг,,Д006,,1,,,,,,Дніпро
МДИ,Лабиринт,,Д072,,1,,,,,,Дніпро
МДИ,Набор десерт,,Д119,,1,,,,,,Дніпро
МДИ,Пірамідка,,Д224,,1,,,,,,Дніпро
МДИ,Рибалка,,Д431,,1,,,,,,Дніпро
МДИ,уктор паровозик,,Д018,,1,,,,,,Дніпро
МДИ,Паровозик маленький,,Д163,,1,,,,,,Дніпро
МДИ,Паровозик Алфавит,,Д222,,1,,,,,,Дніпро
Lucy & Leo,Горка-лабиринт “Волшебное дерево”,Горка-лабиринт “Волшебное дерево”,LL202,,1,,,є,,,Дніпро
Cubika,Сказочний город,,12367,5861,1,,,,,,Дніпро
Cubika,Поїзд веселковий експрес,,12923,,1,,,,,,Дніпро
МДИ,Велосипедист,,А206,,2,Сборні деревʼяні моделі,,,,,Дніпро
Cubika,Аплікація 2,,13890,,1,,,,,,Дніпро
Cubika,Баласир з гномами,,13937,,1,,,,,,Дніпро
Cubika,утор (28дет),,11346,5199,1,,,,,,Дніпро
Cubika,Поезд,,11681,,1,,,,,,Дніпро
Cubika,Авто кран,,13982,,1,,,,,,Дніпро
Cubika,Аплікація 1,,13883,,1,,,,,,Дніпро
Cubika,уктор (35 дет),,11358,5205,1,,,,,,Дніпро
Cubika,Корабль (19дет),,11551,,1,,,,,,Дніпро
Cubika,Мозаика,,14927,,1,,,,,,Дніпро
,Wooden pixel 6,,,,,,,,,,Дніпро
Cubika,Барбекю,,14347,,1,,,,,,Дніпро
,Деревяние фигурки на витке для раскраски (?),,,,4,,,нема,,На сайті нема,Дніпро
Зробив Тато,Шопка різдвяна розмальовка,,,5449,3,,,,,,Дніпро
Cubika,Сортер квадратний,,11612,,1,,,,,,Дніпро
Cubika,Тягач з фігурками,,13425,,1,,,,,,Дніпро
Комаров,Мозаика геомерика 4 фігурки,,А346,,2,,,нема,,,Дніпро
Комаров,Танграм,,А367,,1,,нема,нема,,Без упаковки. (Демо версія),Дніпро
Комаров,Кубіки «Іграшки»,,Т608,,2,,,нема,,,Дніпро
Комаров,Кубіки «Новий рік»,,Т612,,2,,,нема,,,Дніпро
Комаров,Кубіки «Домашние животние»,,Т609,,1,,,нема,,,Дніпро
Комаров,"Кубіки «Посуда""",,Т605,,1,,,нема,,,Дніпро
Комаров,"Кубіки «Цифри""",,Т604,,1,,,нема,,,Дніпро
Комаров,Шнуровка «Фрукти-Овощи»,,К141,,4,,,нема,,,Дніпро
Комаров,Шнуровка «Буси маси»,,К124,,1,,,нема,,,Дніпро
Комаров,Кубики «Овощи»,,Т607,,1,,,нема,,,Дніпро
Комаров,Мозаїка «101 деталь»,,А343,,1,,,нема,,,Дніпро
Комаров,Рамка-вкладиші Максі,,А328,,1,,,нема,,,Дніпро
Комаров,Рамка-вкладиші 5 фігур,,А326,,1,,,нема,,,Дніпро
Комаров,Цифри та знаки на магнітах (72 елементи),,J706,,1,,,нема,,,Дніпро
Lucy & Leo,Рамка-вкладыш “Животные на ферме”,Рамка-вкладыш “Животные на ферме”,LL189,,1,Рамки-вкладиші,,є,,,Дніпро
Lucy & Leo,Рамка-вкладыш “Друзья”,Рамка-вкладыш “Друзья”,LL188,,1,Рамки-вкладиші,,є,,,Дніпро
МДИ,Мишка,,Д181б,,2,Рамки-вкладиші,,,,,Дніпро
МДИ,Катя,,Д181а,,1,Рамки-вкладиші,,,,,Дніпро
МДИ,Два медведя,,Д182,,2,Рамки-вкладиші,,,,,Дніпро
Lucy & Leo,Деревянная стучалка “Бабочка”,Деревянная стучалка “Бабочка”,LL168,,1,,,є,,,Дніпро
Lucy & Leo,Сортер “Квадрат”,Сортер “Квадрат”,LL169,,2,,,є,,,Дніпро
Тигрес,Ігро пазли 20 шт.,,,,1,,,,,,Дніпро
Вундеркинд с пеленок,Набор «Мир природи»,,,,1,визначити,,перевірити,рос.,Російська,Дніпро
Lucy & Leo,Магнитная игра “Цирк. Эмоции”,Магнитная игра “Цирк. Эмоции”,LL170,,1,Магнітні ігри,,є,,,Дніпро
Lucy & Leo,Магнитная игра “Времена года. Одежда”,Магнитная игра “Времена года. Одежда”,LL179,,1,,,є,,,Дніпро
Lucy & Leo,Магнитная игра “Угадай кто”,Магнитная игра “Угадай кто”,LL178,,1,,,є,,,Дніпро
МДИ,Магнитние фигури транспорт,,Д383,,1,Фігури з магнітами,,,,,Дніпро
МДИ,Домино фигури,,Д384,,1,,,,,,Дніпро
МДИ,Сніданок (малий),,Д167,,1,,,,,,Дніпро
МДИ,Сртер Ежик,,Д413,,1,Сортери,,,,,Дніпро
МДИ,Мозаика Шнуровка,,Д421,,1,,,,,,Дніпро
МДИ,Алфавит русс язик,,Д436,,1,визначити,,перевірити,рос.,Російська,Дніпро
Lucy & Leo,Лабіринт «Сонячна долина»,,LL194,,2,,,нема,,,Дніпро
Lucy & Leo,Магнитный лабиринт “Цветы”,Магнитный лабиринт “Цветы”,LL185,,1,,,є,,,Дніпро
Lucy & Leo,Лабиринт “Счастливое путешествие”,Лабиринт “Счастливое путешествие”,LL200,,1,,,є,,,Дніпро
МДИ,Шнуровка Брусок,,Д390,,2,,,,,,Дніпро
Бомик,Пірамідка,,816,,3,,,,,,Дніпро
МДИ,Клоун,,?,?,?,,,,,,Дніпро
Bino,Пазли казка,,88013,,1,,,,,,Дніпро
Бомик,Пирамидка ципленок,,808,,1,,,,,,Дніпро
Игротеко,Коттедж 146 дет.,,,,1,,,,,,Дніпро
Cubika,уктор,,12350,,1,,,,,,Дніпро
Бомик,Паровозик чух-чух,,811,,1,,,,,,Дніпро
МДИ,Бизиборд Календар природи,,Д441,,2,,,,,,Дніпро
МДИ,Домино зоопарк,,Д392,,2,,,,,,Дніпро
МДИ,Сртер веселие жуки,,Д409,,2,,,,,,Дніпро
МДИ,Сортер-шнуровка гусеница,,Д411,,2,,,,,,Дніпро
Cubika,Кегельбан,,14323,,1,,,,,,Дніпро
Cubika,Машинка,,,,2,Каталки,,,,Фото 1160!!!!,Дніпро
Cubika,Коровка акробат,,12442,,1,,,,,,Дніпро
Cubika,Гнучкі тваринки,,13661,,1,,,,,,Дніпро
Cubika,Тягач з кубіками,,13432,,1,,,,,,Дніпро
Cubika,Каталка котик,,13616,,1,,,,,,Дніпро
Cubika,Шнуровка,,13647,,1,,,,,,Дніпро
Cubika,Автобус,,13197,,1,,,,,,Дніпро
Cubika,Крокодил,,???,,1,,,,,Фото 1174,Дніпро
Cubika,Пирамидка LД-5,,12329,,1,,,,,,Дніпро
Cubika,Машинка с магнитами,,12046,,1,,,,,,Дніпро
Woody,Ноев ковчег,,,,2,,,,,Білорусь,Дніпро
ТАТО,Мозаїка геометрія,,М3-001,,1,,,,,,Дніпро
ТАТО,Чотири грибочка,,ВК-002,,1,,,,,,Дніпро
ТАТО,Намисто,,МЗ-004,,1,,,,,,Дніпро
ТАТО,Кольорові плашки,,ПР-002,,1,,,,,,Дніпро
ТАТО,Вежа,,КС-002,,1,,,,,,Дніпро
ТАТО,Кубіки і циліндри,,ПР-003,,1,,,,,,Дніпро
ТАТО,Млинчики і пончики,,ПР-001,,2,визначити,зіпсовано (1шт.),,перевірити,1 коробка зіпсована,Дніпро
ТАТО,Сусіди,,КС-007,3077,3,,,,,Коробки вицвіли,Дніпро
ТАТО,Садиба,,КС-005,,1,,,,,Корбка зіпсована,Дніпро
ТАТО,Мозаика Калейдоскоп,,МЗ-002,,1,,,,,,Дніпро
ТАТО,Кубіки і киліндрики,,ПР-003,,1,,,,,,Дніпро
ТАТО,Башений кран,,КТ-011,,1,,,,,Корбка зіпсована,Дніпро
МДИ,Кастаньети,,Д312,,1,,,,,,Дніпро
Lucy & Leo,Игрушка-лабиринт “Гусеница”,Игрушка-лабиринт “Гусеница”,LL164,,3,,,є,,,Дніпро
МДИ,Свисток,,Д311,,3,,,,,,Дніпро
МДИ,Дудочка,,Д216,,2,,,,,,Дніпро
МДИ,Гусеница для моторики,,Д434,,4,,,,,,Дніпро
МДИ,Ксилофон 8 тонов,,Д045,,3,,,,,,Дніпро
МДИ,Ксилофон 12 тонов,,Д046,,1,,,,,,Дніпро
Краснокаменская ігрушка,Гоша пирамидка,,ПРМ-05,,1,,,,,Росія (нема на сайті),Дніпро
МДИ,Груша,,Д262,,2,,,,,,Дніпро
Бомик,Шнуровка,,609,,1,,,,,На сайті нема,Дніпро
МДИ,Шнуровка арбуз,,Д263,,2,,,,,,Дніпро
МДИ,Стучалка шарики,,Д027,,1,,,,,,Дніпро
МДИ,Пирамидка каталка,,Д354,,1,,,,,,Дніпро
МДИ,Цікава коробка,,Д029,,4,визначити,зіпсовано (3шт.),,перевірити,3 коробки зіпсовано,Дніпро
МДИ,Паровозик,,Д401,,1,,,,,,Дніпро
МДИ,Буси асорти 16 шт,,Д414,,2,,зіпсовано,,,Коробка зіпсована,Дніпро
МДИ,Буси асорти 32 шт,,Д415,,1,,,,,Фото 1248,Дніпро
МДИ,Стучалка рибка,,Д226,,1,,зіпсовано,,,Коробка зіпсована,Дніпро
МДИ,Лабіринт рвхцнок,,Д372,,1,,,,,,Дніпро
МДИ,Набор для мелкой моторики,,Д238,,1,,,,,,Дніпро
МДИ,Намисто цифри паровозик,,Д401,,1,,,,,,Дніпро
МДИ,Буси геометрія 10 деталей,,Д389,,1,,,,,,Дніпро
МДИ,Ведришки,,Д110,,1,,зіпсовано,,,Коробка зіпсована,Дніпро
МДИ,Паровозик,,Д163,,2,,,,,,Дніпро
МДИ,Машинка и двери,,Д204,,1,,,,,,Дніпро
МДИ,Стучлка горка,,Д003,,1,,,,,,Дніпро
МДИ,Сортувальник каталка,,Д200,,1,,,,,,Дніпро
МДИ,Клоун на столі,,Д269,,6,,,нема,,На сайті нема,Дніпро
Идейка,Набор для браслетов,,97048,,2,,,нема,,На сайті нема,Дніпро
МДИ,Курочка и зернишки,,Д207,,2,,,нема,,На сайті нема,Дніпро
МДИ,Танк,,Д077,,1,,,нема,,На сайті нема,Дніпро
МДИ,Дятли,,Д282,,2,,,нема,,На сайті нема,Дніпро
МДИ,Дергунчик Лев,,Д268,,1,,,нема,,На сайті нема,Дніпро
Bino,Лабіринт,,9984193,,1,,,,,,Дніпро
Bino,Гра з молоточками,,82197,6238,1,,,,,,Дніпро
Ranok Creative,Калейдоскоп,,,,1,,,нема,,На сайті нема,Дніпро
Ranok Creative,Изчезающий узел,,6033,3484,1,,,нема,,На сайті нема,Дніпро
Ranok Creative,Многократное отражение,,,,1,,,нема,,На сайті нема,Дніпро
Ranok Creative,Оптические иллюзии,,342,4143,1,,,нема,,На сайті нема,Дніпро
МДИ,Ботинок,,Д230,,1,,,нема,,На сайті нема,Дніпро
Cubika,уктор наукове місто,,2336,,1,,зіпсовано,,,Коробка зіпсована,Дніпро
Игротеко,Будиночок з верандою 102 деталі,Деревянный конструктор Игротеко “Домик с верандой”,,968,1,,,,,,Дніпро
Зробив Тато,Великодня розмальовка,,,,2,,зіпсовано,,,Перепакувати,Дніпро
Пегас,Правила поведених в гостях,,,,1,Книги,,нема,рос.,"На сайті нема
Російська мова",Дніпро
Колала,Хвости,,,,1,Книги,зіпсовано,нема,рос.,"На сайті нема
Російська мова
Зіпсовано",Дніпро
Smart Wille,Зоопарк,,,,1,Книги,зіпсовано,нема,,"на сайті нема
зіпсовано",Дніпро
Мастер,Набор юного електронщика,,NR02,48 31,1,,,нема,,Росія на сайте нема,Дніпро
Фантазер,Набор для создания балерьефов,,707012,,2,,,нема,,"Росія
На сайті нема",Дніпро
Ranok Creative,Цвети з пайеток,,4744,4437,1,,Зіпсовано,нема,,на сайті нема,Дніпро
Trefl,Пазли баба яга,,83007,4598,1,,,нема,,На сайті нема,Дніпро
Colorino,Мороженница,,,,1,,,нема,,На сайті нема,Дніпро
МДИ,Комплект шариков для стучалок,,Д401,,1,,,нема,,На сайті нема,Дніпро
,Запасние удочки для рибалок,,,,,,,,,,Дніпро
Colorino,Набор для творчества,,,,,,,нема,,На сайті нема,Дніпро
XINBITA,уктор магнитний,,8020,6246,1,,,нема,,На сайті нема,Дніпро
,Набори джинсові прикраси,,,6160,2,,,нема,,На сайті нема,Дніпро
,Пасхальні яйця на паличках,,,,3,,,нема,,На сайті нема,Дніпро
Крона,Гурмани икрушка ручной работи,,,4288,1,,,нема,,"росія
на сайті нема",Дніпро
Strateg,Мегаполия для девочек,,,,1,,,нема,,На сайте нема,Дніпро
Granna,Моя перша вікторина,,,,,,,нема,,Перевірити публікацію на сайті,Дніпро
Bino,Игра с молоточкками «Шарики»,,82197,6238,2,,,перевірити,,перевірити на сайті,Дніпро
МДИ,Лабиринт Цветок,,Д227,,1,,,,,,Дніпро
МДИ,Универсальний куб ферма,,Д374,,1,,,,,,Дніпро
МДИ,Паровозик Абетка,,Д222,,1,,,,,,Дніпро
МДИ,Паровозик Чух-Чуз №2,,Д420,,1,,,перевірити,,Перевірити на сайті,Дніпро
МДИ,Паровозик Чух-Чуз №1,,Д419,,1,,,перевірити,,Перевірити на сайті,Дніпро
Lucy & Leo,Бусы-шнуровка “Гусеница”,Бусы-шнуровка “Гусеница”,LL163,,1,,,є,,,Дніпро
Lucy & Leo,Пирамидка-каталка “Левушки”,Пирамидка-каталка “Левушки”,LL155,,1,,Зіпсоване,є,,,Дніпро
МДИ,Лабіринт,,Д192,,1,,,,,,Дніпро
Lucy & Leo,Игровой лабиринт “Яркая спиралька”,Игровой лабиринт “Яркая спиралька”,LL114,,1,,,є,,,Дніпро
Lucy & Leo,Пальчиковый лабиринт “Извилистый”,Пальчиковый лабиринт “Извилистый”,LL151,,1,,,є,,,Дніпро
Lucy & Leo,Игрушка Лабиринт “Бусинка”,Игрушка Лабиринт “Бусинка”,LL146,,2,,,є,,,Дніпро
Lucy & Leo,Лабіринт бегемот,,LL129,,1,,,нема,,,Дніпро
Бомик,Лабіринт Сонечко,,812,,1,,,,,,Дніпро
МДИ,Лабиринт Мишки в сире,,Д229,,1,,,,,,Дніпро
мДИ,Чудо-дерево,,Д400,,1,,,,,,Дніпро
МДИ,Лабиринт ловушка,,Д388,,1,,,,,,Дніпро
МДИ,Морсоке путешествие,,Д 435,,1,,,,,,Дніпро
МДИ,Мирк,,Д381,,1,,,,,,Дніпро
Colorino,Мандала Emotional,,"MA-0007 (""В програмі: МА0001)",5099,1,,,,,,Дніпро
Colorino,Мандала Creativity,,"MA-0002 (""В програмі: МА0001)",5099,1,,,,,,Дніпро
Colorino,Мандала self-love,,В програмі: МА0001,5099,1,,,,,,Дніпро
Colorino,Мандала anti-stress,,В програмі: МА0001,5099,1,,,,,,Дніпро
Colorino,Мандала balance,,В програмі: МА0001,5099,1,,,,,,Дніпро
Colorino,Мандала Depression,,В програмі: МА0001,5099,1,,,,,,Дніпро
Colorino,Мандала Harmony,,В програмі: МА0001,5099,1,,,,,,Дніпро
Colorino,Мандала Meditation,,В програмі: МА0001,5099,1,,,,,,Дніпро
Уник-ум,Ручка лівша,,АС-1728,,5,,,,,,Дніпро
Уник-ум,Ручка правша,,АВ-4783,,7,,,,,,Дніпро
Уник-ум,Тренажер рибка лівша,,,,5,,,,,,Дніпро
Уник-ум,Тренажер рибка правша,,,,7,,,,,,Дніпро
Mr PlayWood,Хрестики Нулики,,10029,,1,,,нема,,,Дніпро
Mr PlayWood,Шашки,Игра “Шашки”,10025,,1,,,є,,,Дніпро
Mr PlayWood,Шахи,,10026,,1,,,перевірити,,,Дніпро
Zabava,Янголятка в кейсі,,,3093,1,,,нема,,На сайті нема,Дніпро
Вундеркинд с пеленок,Дом. Животие мини,,,,1,визначити,,нема,укр.,"українською
На сайті нема",Дніпро
Вундеркинд с пеленок,Дом. Животие мини,,,,1,визначити,,нема,англ.,"англійською
На сайті нема",Дніпро
Лама сам,Мои достижения,,,,1,,,,,,Дніпро
Hape,Бамбуковая машинка,,Е5504,5565,1,,,перевірити,,Перевірити на сайті,Дніпро
Hape,Бамбуковая машинка,,Е5552,5562,1,,,,,,Дніпро
Hape,Бамбуковая машинка,,897757,4967,1,,,,,,Дніпро
Hape,Собачка,,Е5553,,4(8) ?,,,,,Фото 1434 і 1433,Дніпро
Hape,Бичок,,Е5532,,1,,,,,,Дніпро
Hape,Ослик,,Е5534,,1,,,,,,Дніпро
Hape,Поросенок,,Е5536,,2,,,,,,Дніпро
Hape,Лев,,Е5541,,1,,,,,,Дніпро
Hape,Коровка,,Е5535,,2,,,,,,Дніпро
Hape,Зебра,,Е5542,,2,,,,,,Дніпро
Hape,Носорог,,Е5538,,2,,,,,,Дніпро
Hape,Львенок,,Е5514,,1,,,,,,Дніпро
Hape,Головоломка A-mazing Pepe,,E1711,6211,1,,,,,,Дніпро
Hape,Pandabo,,897539,4300,2,,,,,,Дніпро
Hape,Балансир supermoose,,E5520,,1,,,,,,Дніпро
Hape,Игра memo,,Е5556,,1,,,,,,Дніпро
Hape,Головоломка Flower Fun,,E5122,,1,,,,,,Дніпро
Hape,Вертолет,,Е5518,,1,,,,,,Дніпро
Hape,Самолет,,Е5519,,1,,,,,,Дніпро
Hape,Машинка,,82518,5355,1,,,,,,Дніпро
Hape,Машинка,,897952,4964,1,,,,,,Дніпро
Hape,Мотоцикл,,897683,4963,1,,,,,,Дніпро
Hape,Машинка,,897950,4535,1,,,,,,Дніпро
Hape,Мотоцикл,,897659,4537,1,,,,,,Дніпро
,Атлас міст,,,,1,,,,,,Дніпро
,Вокруг света с фуагра Атлас для маленьких,,,,1,,,,,,Дніпро
Країна замків та фортець,Будиночок з черепицею,,70286,,1,,,,,,Дніпро
Круть-Верть,Головоломка,,,,,,,нема,,на сайті нема,Дніпро
Test play,Тренажер для письма,,,,,визначити,,перевірити,укр.,українська,Дніпро
Test play,Тренажер для письма,,,,,визначити,,перевірити,рос.,Російська,Дніпро
Test play,Розмні кубики + тренажер,,,,,визначити,,перевірити,укр.,українська,Дніпро
Країна замків та фортець,Перукарня,,,,,,,,,,Дніпро
Країна замків та фортець,Собор,,7105,,7105,,,,,,Дніпро
Країна замків та фортець,Крамничка,,7108,,7108,,,,,,Дніпро
,Книги: Елеонар і Парк,,,,,,,,,,Дніпро
,Годи Хоун Всесторонне развитие ребенка,,,,,,,,,,Дніпро
,Кулакова. Совети терссори педагога,,,,,,,,,,Дніпро
Умница,Как воспитать ребенка умним,,,,,,,перевірити,,На сайте производство росія,Дніпро
Лама сам,,,,,19,,,,,"Фото 1480-1481
1479
1486",Дніпро
Вундеркинд с пеленок,Породи собак,,,,1,визначити,,перевірити,рос.,Рос мов,Дніпро
Вундеркинд с пеленок,Деревья,,,,2,визначити,,перевірити,рос.,Рос мов,Дніпро
Вундеркинд с пеленок,Природа,,,,1,визначити,,перевірити,рос.,Рос мов,Дніпро
Вундеркинд с пеленок,Професии,,,,1,визначити,,перевірити,рос.,Рос мов,Дніпро
Вундеркинд с пеленок,Дикие животние,,,,1,визначити,,перевірити,рос.,Рос мов,Дніпро
Вундеркинд с пеленок,Екзотические животние,,,,1,визначити,,перевірити,рос.,Рос мов,Дніпро
Вундеркинд с пеленок,Самие-самие,,,,1,визначити,,перевірити,рос.,Рос мов,Дніпро
Вундеркинд с пеленок,,,,,2,,,,,,Дніпро
Вундеркинд с пеленок,,,,,1,,,,,,Дніпро
,Книги: ТОбі Лоянес,,,,,,,нема,,на сайті нема,Дніпро
,Книга родительских секретів,,,,,,,нема,,на сайті нема,Дніпро
Час майстрів,Приключения журавлика,,,,2,,,,,,Дніпро
Час майстрів,Хочу подарков,,,,1,,,,,,Дніпро
Час майстрів,Атлас мира,,,,2,,,,,Фото 1490 + 1498,Дніпро
Час майстрів,Для детей Плутон,,,,2,,,,,,Дніпро
,Книга: любима енциклопедія для девочек,,,,,,,,,,Дніпро
,Аленький цветочек,,,,1,,,,,,Дніпро
Час майстрів,Вельветовий кролик,,,,1,,,,,,Дніпро
Час майстрів,Капітошка с курченя,,,,1,визначити,,перевірити,укр.,УКр мова,Дніпро
,Супер хвост,,,,2,,,,,,Дніпро
Vivat,Сказки о мишки Руби,,,,1,,,,,,Дніпро
Vivat,Бумажная царевна,,,,1,,,,,,Дніпро
,"Раз, два, три…",,,,1,,,,,,Дніпро
,Нам легко запоминать,,,,,,,,,,Дніпро
Час майстрів,Ощущение счастья,,,,3,,,,,,Дніпро
Час майстрів,Крокодилиця поспішає на допомогу,,,,1,,,перевірити,,Перевірити на сайті,Дніпро
Час майстрів,Магазин счастья,,,,1,,,,,,Дніпро
Час майстрів,Сумасшедший Новий год,,,,2,,,,,,Дніпро
Час майстрів,Дом дворников,,,,1,,,,,,Дніпро
Vivat,Маленький Лев,,,,1,,,,,,Дніпро
Art Book,Большой авто Виммельбух,,,,1,Віммельбух,,,,,Дніпро
Art Book,Мій віммельдень,Мой виммельдень,,,2,Віммельбух,,перевірити,укр.,Ікр мова,Дніпро
визначити,Рік у місті,,,,2,віммельбух,,перевірити,укр.,Ікр мова,Дніпро
визначити,Аеропорт,,,,1,віммельбух,,перевірити,укр.,Ікр мова,Дніпро
визначити,Великий Аеропорт,,,,3,віммельбух,,перевірити,укр.,Ікр мова,Дніпро
визначити,Сонячна система,,,,1,віммельбух,,перевірити,укр.,Ікр мова,Дніпро
визначити,Авто віммельбух,,,,1,віммельбух,,перевірити,укр.,Ікр мова,Дніпро
визначити,Фуагра і Жозефеліна,,,,1,віммельбух,,перевірити,укр.,Ікр мова,Дніпро
Час майстрів,Кгига яку треба прочитати до дня Св. Микола,,,,1,,,,,,Дніпро
,Абетка для малят,,,,1,,,,,,Дніпро
Час майстрів,Принцеса та кухарка,,,,1,,,,,,Дніпро
Granna,Кіт у мішку,,,,1,,зіпсовано,нема,,Использовалась в МК,Дніпро
Granna,Супер фермер,,,,1,,зіпсовано,перевірити на буплікацію 80865,,Использовалась в МК,Дніпро
tactic,Котята в пижамках,,,,1,,зіпсовано,,,Использовалась в МК,Дніпро
Bombat,Морской бой,,,,1,,зіпсовано,,,Использовалась в МК,Дніпро
Puzzliko,Магнітні пазли «Ляльки»,,13494,,1,,,,,,Дніпро
Puzzliko,Магнітні пазли «Ляльки»,,14286,,1,,,,,,Дніпро
Puzzliko,Профессии,,,,1,,,,,,Дніпро
Puzzliko,Моя семья,,,,1,,,,,,Дніпро
Puzzliko,Машинки,,,,1,,,,,,Дніпро